{
    "s000.kp": {
        "result iterative": 20995,
        "time iterative": 0.2982797622680664,
        "result recursive": 20995,
        "time recursive": 0.34441256523132324
    },
    "s001.kp": {
        "result iterative": 19836,
        "time iterative": 0.2518906593322754,
        "result recursive": 19836,
        "time recursive": 0.32502031326293945
    },
    "s002.kp": {
        "result iterative": 20561,
        "time iterative": 0.2580575942993164,
        "result recursive": 20561,
        "time recursive": 0.3272433280944824
    },
    "s003.kp": {
        "result iterative": 19789,
        "time iterative": 0.2588984966278076,
        "result recursive": 19789,
        "time recursive": 0.3204345703125
    },
    "s004.kp": {
        "result iterative": 20961,
        "time iterative": 0.2260451316833496,
        "result recursive": 20961,
        "time recursive": 0.28464818000793457
    },
    "s005.kp": {
        "result iterative": 19780,
        "time iterative": 0.22873377799987793,
        "result recursive": 19780,
        "time recursive": 0.2776148319244385
    },
    "s006.kp": {
        "result iterative": 21334,
        "time iterative": 0.22014069557189941,
        "result recursive": 21334,
        "time recursive": 0.2732410430908203
    },
    "s007.kp": {
        "result iterative": 16763,
        "time iterative": 0.243577241897583,
        "result recursive": 16763,
        "time recursive": 0.2966752052307129
    },
    "s008.kp": {
        "result iterative": 19399,
        "time iterative": 0.2025279998779297,
        "result recursive": 19399,
        "time recursive": 0.24911189079284668
    },
    "s009.kp": {
        "result iterative": 18331,
        "time iterative": 0.21389341354370117,
        "result recursive": 18331,
        "time recursive": 0.28586244583129883
    },
    "s010.kp": {
        "result iterative": 20167,
        "time iterative": 0.21014928817749023,
        "result recursive": 20167,
        "time recursive": 0.27367711067199707
    },
    "s011.kp": {
        "result iterative": 20361,
        "time iterative": 0.20013046264648438,
        "result recursive": 20361,
        "time recursive": 0.25449681282043457
    },
    "s012.kp": {
        "result iterative": 18751,
        "time iterative": 0.20700788497924805,
        "result recursive": 18751,
        "time recursive": 0.31102609634399414
    },
    "s013.kp": {
        "result iterative": 20056,
        "time iterative": 0.22771143913269043,
        "result recursive": 20056,
        "time recursive": 0.2861325740814209
    },
    "s014.kp": {
        "result iterative": 19031,
        "time iterative": 0.19971203804016113,
        "result recursive": 19031,
        "time recursive": 0.2501072883605957
    },
    "s015.kp": {
        "result iterative": 22377,
        "time iterative": 0.22721028327941895,
        "result recursive": 22377,
        "time recursive": 0.28317737579345703
    },
    "s016.kp": {
        "result iterative": 36378,
        "time iterative": 0.9178135395050049,
        "result recursive": 36378,
        "time recursive": 1.291487216949463
    },
    "s017.kp": {
        "result iterative": 43703,
        "time iterative": 0.9248960018157959,
        "result recursive": 43703,
        "time recursive": 1.3443233966827393
    },
    "s018.kp": {
        "result iterative": 39025,
        "time iterative": 0.958245038986206,
        "result recursive": 39025,
        "time recursive": 1.3597781658172607
    },
    "s019.kp": {
        "result iterative": 37539,
        "time iterative": 0.8604187965393066,
        "result recursive": 37539,
        "time recursive": 1.1766979694366455
    },
    "s020.kp": {
        "result iterative": 37252,
        "time iterative": 0.8919439315795898,
        "result recursive": 37252,
        "time recursive": 1.2478435039520264
    },
    "s021.kp": {
        "result iterative": 42374,
        "time iterative": 0.9003763198852539,
        "result recursive": 42374,
        "time recursive": 1.2735798358917236
    },
    "s022.kp": {
        "result iterative": 45031,
        "time iterative": 0.8592267036437988,
        "result recursive": 45031,
        "time recursive": 1.258720874786377
    },
    "s023.kp": {
        "result iterative": 39741,
        "time iterative": 0.9083957672119141,
        "result recursive": 39741,
        "time recursive": 1.2813653945922852
    },
    "s024.kp": {
        "result iterative": 41608,
        "time iterative": 0.8959469795227051,
        "result recursive": 41608,
        "time recursive": 1.2661535739898682
    },
    "s025.kp": {
        "result iterative": 37308,
        "time iterative": 0.9130563735961914,
        "result recursive": 37308,
        "time recursive": 1.3176062107086182
    },
    "s026.kp": {
        "result iterative": 42430,
        "time iterative": 0.8692982196807861,
        "result recursive": 42430,
        "time recursive": 1.2699620723724365
    },
    "s027.kp": {
        "result iterative": 39259,
        "time iterative": 0.9789066314697266,
        "result recursive": 39259,
        "time recursive": 1.4037964344024658
    },
    "s028.kp": {
        "result iterative": 38128,
        "time iterative": 0.8747282028198242,
        "result recursive": 38128,
        "time recursive": 1.221585750579834
    },
    "s029.kp": {
        "result iterative": 42813,
        "time iterative": 0.9235694408416748,
        "result recursive": 42813,
        "time recursive": 1.3311126232147217
    },
    "s030.kp": {
        "result iterative": 41637,
        "time iterative": 0.8469419479370117,
        "result recursive": 41637,
        "time recursive": 1.1931736469268799
    }
}