{
    "s000.kp": {
        "result iterative": 20995,
        "time iterative": 0.2739906311035156,
        "result recursive": 20995,
        "time recursive": 0.3740537166595459
    },
    "s001.kp": {
        "result iterative": 19836,
        "time iterative": 0.25080418586730957,
        "result recursive": 19836,
        "time recursive": 0.3129570484161377
    },
    "s002.kp": {
        "result iterative": 20561,
        "time iterative": 0.2554354667663574,
        "result recursive": 20561,
        "time recursive": 0.3072361946105957
    },
    "s003.kp": {
        "result iterative": 19789,
        "time iterative": 0.253589391708374,
        "result recursive": 19789,
        "time recursive": 0.3033759593963623
    },
    "s004.kp": {
        "result iterative": 20961,
        "time iterative": 0.21526646614074707,
        "result recursive": 20961,
        "time recursive": 0.2695178985595703
    },
    "s005.kp": {
        "result iterative": 19780,
        "time iterative": 0.22071361541748047,
        "result recursive": 19780,
        "time recursive": 0.2740485668182373
    },
    "s006.kp": {
        "result iterative": 21334,
        "time iterative": 0.22207427024841309,
        "result recursive": 21334,
        "time recursive": 0.2727243900299072
    },
    "s007.kp": {
        "result iterative": 16763,
        "time iterative": 0.2390604019165039,
        "result recursive": 16763,
        "time recursive": 0.2933344841003418
    },
    "s008.kp": {
        "result iterative": 19399,
        "time iterative": 0.20061826705932617,
        "result recursive": 19399,
        "time recursive": 0.24678516387939453
    },
    "s009.kp": {
        "result iterative": 18331,
        "time iterative": 0.21417474746704102,
        "result recursive": 18331,
        "time recursive": 0.2652890682220459
    },
    "s010.kp": {
        "result iterative": 20167,
        "time iterative": 0.21081995964050293,
        "result recursive": 20167,
        "time recursive": 0.2675755023956299
    },
    "s011.kp": {
        "result iterative": 20361,
        "time iterative": 0.1998612880706787,
        "result recursive": 20361,
        "time recursive": 0.25164365768432617
    },
    "s012.kp": {
        "result iterative": 18751,
        "time iterative": 0.20623230934143066,
        "result recursive": 18751,
        "time recursive": 0.2659766674041748
    },
    "s013.kp": {
        "result iterative": 20056,
        "time iterative": 0.22057580947875977,
        "result recursive": 20056,
        "time recursive": 0.2665550708770752
    },
    "s014.kp": {
        "result iterative": 19031,
        "time iterative": 0.1964857578277588,
        "result recursive": 19031,
        "time recursive": 0.23981261253356934
    },
    "s015.kp": {
        "result iterative": 22377,
        "time iterative": 0.2278451919555664,
        "result recursive": 22377,
        "time recursive": 0.27680301666259766
    },
    "s016.kp": {
        "result iterative": 36378,
        "time iterative": 0.9016337394714355,
        "result recursive": 36378,
        "time recursive": 1.2829551696777344
    },
    "s017.kp": {
        "result iterative": 43703,
        "time iterative": 0.9141120910644531,
        "result recursive": 43703,
        "time recursive": 1.2935752868652344
    },
    "s018.kp": {
        "result iterative": 39025,
        "time iterative": 0.958338737487793,
        "result recursive": 39025,
        "time recursive": 1.3146178722381592
    },
    "s019.kp": {
        "result iterative": 37539,
        "time iterative": 0.859978199005127,
        "result recursive": 37539,
        "time recursive": 1.1736023426055908
    },
    "s020.kp": {
        "result iterative": 37252,
        "time iterative": 0.8989510536193848,
        "result recursive": 37252,
        "time recursive": 1.2429766654968262
    },
    "s021.kp": {
        "result iterative": 42374,
        "time iterative": 0.8999600410461426,
        "result recursive": 42374,
        "time recursive": 1.2780439853668213
    },
    "s022.kp": {
        "result iterative": 45031,
        "time iterative": 0.8675031661987305,
        "result recursive": 45031,
        "time recursive": 1.2636678218841553
    },
    "s023.kp": {
        "result iterative": 39741,
        "time iterative": 0.9081137180328369,
        "result recursive": 39741,
        "time recursive": 1.2698888778686523
    },
    "s024.kp": {
        "result iterative": 41608,
        "time iterative": 0.8907513618469238,
        "result recursive": 41608,
        "time recursive": 1.2585806846618652
    },
    "s025.kp": {
        "result iterative": 37308,
        "time iterative": 0.9130251407623291,
        "result recursive": 37308,
        "time recursive": 1.3090934753417969
    },
    "s026.kp": {
        "result iterative": 42430,
        "time iterative": 0.870326042175293,
        "result recursive": 42430,
        "time recursive": 1.2427599430084229
    },
    "s027.kp": {
        "result iterative": 39259,
        "time iterative": 0.9694669246673584,
        "result recursive": 39259,
        "time recursive": 1.3803870677947998
    },
    "s028.kp": {
        "result iterative": 38128,
        "time iterative": 0.8803672790527344,
        "result recursive": 38128,
        "time recursive": 1.2208271026611328
    },
    "s029.kp": {
        "result iterative": 42813,
        "time iterative": 0.9189026355743408,
        "result recursive": 42813,
        "time recursive": 1.3198354244232178
    },
    "s030.kp": {
        "result iterative": 41637,
        "time iterative": 0.8478183746337891,
        "result recursive": 41637,
        "time recursive": 1.1808054447174072
    }
}