{
    "s000.kp": {
        "result iterative": 20995,
        "time iterative": 0.27289676666259766,
        "result recursive": 20995,
        "time recursive": 0.34455418586730957
    },
    "s001.kp": {
        "result iterative": 19836,
        "time iterative": 0.25095367431640625,
        "result recursive": 19836,
        "time recursive": 0.33835434913635254
    },
    "s002.kp": {
        "result iterative": 20561,
        "time iterative": 0.2570171356201172,
        "result recursive": 20561,
        "time recursive": 0.3230769634246826
    },
    "s003.kp": {
        "result iterative": 19789,
        "time iterative": 0.24982976913452148,
        "result recursive": 19789,
        "time recursive": 0.3014516830444336
    },
    "s004.kp": {
        "result iterative": 20961,
        "time iterative": 0.2133193016052246,
        "result recursive": 20961,
        "time recursive": 0.2704627513885498
    },
    "s005.kp": {
        "result iterative": 19780,
        "time iterative": 0.2165696620941162,
        "result recursive": 19780,
        "time recursive": 0.27049946784973145
    },
    "s006.kp": {
        "result iterative": 21334,
        "time iterative": 0.2198810577392578,
        "result recursive": 21334,
        "time recursive": 0.2728276252746582
    },
    "s007.kp": {
        "result iterative": 16763,
        "time iterative": 0.23384547233581543,
        "result recursive": 16763,
        "time recursive": 0.2881755828857422
    },
    "s008.kp": {
        "result iterative": 19399,
        "time iterative": 0.20011281967163086,
        "result recursive": 19399,
        "time recursive": 0.24732589721679688
    },
    "s009.kp": {
        "result iterative": 18331,
        "time iterative": 0.20810151100158691,
        "result recursive": 18331,
        "time recursive": 0.2615673542022705
    },
    "s010.kp": {
        "result iterative": 20167,
        "time iterative": 0.20679807662963867,
        "result recursive": 20167,
        "time recursive": 0.26297974586486816
    },
    "s011.kp": {
        "result iterative": 20361,
        "time iterative": 0.19397330284118652,
        "result recursive": 20361,
        "time recursive": 0.24830198287963867
    },
    "s012.kp": {
        "result iterative": 18751,
        "time iterative": 0.20106267929077148,
        "result recursive": 18751,
        "time recursive": 0.2659151554107666
    },
    "s013.kp": {
        "result iterative": 20056,
        "time iterative": 0.21250057220458984,
        "result recursive": 20056,
        "time recursive": 0.25844907760620117
    },
    "s014.kp": {
        "result iterative": 19031,
        "time iterative": 0.19130468368530273,
        "result recursive": 19031,
        "time recursive": 0.24220561981201172
    },
    "s015.kp": {
        "result iterative": 22377,
        "time iterative": 0.219679594039917,
        "result recursive": 22377,
        "time recursive": 0.27423620223999023
    },
    "s016.kp": {
        "result iterative": 36378,
        "time iterative": 0.8995399475097656,
        "result recursive": 36378,
        "time recursive": 1.2741739749908447
    },
    "s017.kp": {
        "result iterative": 43703,
        "time iterative": 0.9142961502075195,
        "result recursive": 43703,
        "time recursive": 1.286524772644043
    },
    "s018.kp": {
        "result iterative": 39025,
        "time iterative": 0.967125654220581,
        "result recursive": 39025,
        "time recursive": 1.3033015727996826
    },
    "s019.kp": {
        "result iterative": 37539,
        "time iterative": 0.864966869354248,
        "result recursive": 37539,
        "time recursive": 1.1623921394348145
    },
    "s020.kp": {
        "result iterative": 37252,
        "time iterative": 0.902672290802002,
        "result recursive": 37252,
        "time recursive": 1.236116886138916
    },
    "s021.kp": {
        "result iterative": 42374,
        "time iterative": 0.9088015556335449,
        "result recursive": 42374,
        "time recursive": 1.3437094688415527
    },
    "s022.kp": {
        "result iterative": 45031,
        "time iterative": 0.8678152561187744,
        "result recursive": 45031,
        "time recursive": 1.2627711296081543
    },
    "s023.kp": {
        "result iterative": 39741,
        "time iterative": 0.9769539833068848,
        "result recursive": 39741,
        "time recursive": 1.2880558967590332
    },
    "s024.kp": {
        "result iterative": 41608,
        "time iterative": 1.1818034648895264,
        "result recursive": 41608,
        "time recursive": 2.5282142162323
    },
    "s025.kp": {
        "result iterative": 37308,
        "time iterative": 0.9235782623291016,
        "result recursive": 37308,
        "time recursive": 1.3114824295043945
    },
    "s026.kp": {
        "result iterative": 42430,
        "time iterative": 0.8713388442993164,
        "result recursive": 42430,
        "time recursive": 1.2322194576263428
    },
    "s027.kp": {
        "result iterative": 39259,
        "time iterative": 0.9797449111938477,
        "result recursive": 39259,
        "time recursive": 1.3724982738494873
    },
    "s028.kp": {
        "result iterative": 38128,
        "time iterative": 0.8751125335693359,
        "result recursive": 38128,
        "time recursive": 1.205763816833496
    },
    "s029.kp": {
        "result iterative": 42813,
        "time iterative": 0.9269049167633057,
        "result recursive": 42813,
        "time recursive": 2.1739659309387207
    },
    "s030.kp": {
        "result iterative": 41637,
        "time iterative": 0.8487200736999512,
        "result recursive": 41637,
        "time recursive": 1.1722655296325684
    }
}