{
    "s000.kp": {
        "result iterative": 20995,
        "time iterative": 0.2728424072265625,
        "result recursive": 20995,
        "time recursive": 0.3441162109375
    },
    "s001.kp": {
        "result iterative": 19836,
        "time iterative": 0.24871087074279785,
        "result recursive": 19836,
        "time recursive": 0.3267037868499756
    },
    "s002.kp": {
        "result iterative": 20561,
        "time iterative": 0.2528574466705322,
        "result recursive": 20561,
        "time recursive": 0.3121044635772705
    },
    "s003.kp": {
        "result iterative": 19789,
        "time iterative": 0.2492518424987793,
        "result recursive": 19789,
        "time recursive": 0.3013155460357666
    },
    "s004.kp": {
        "result iterative": 20961,
        "time iterative": 0.2130870819091797,
        "result recursive": 20961,
        "time recursive": 0.27043795585632324
    },
    "s005.kp": {
        "result iterative": 19780,
        "time iterative": 0.21712517738342285,
        "result recursive": 19780,
        "time recursive": 0.27046775817871094
    },
    "s006.kp": {
        "result iterative": 21334,
        "time iterative": 0.21935176849365234,
        "result recursive": 21334,
        "time recursive": 0.2707183361053467
    },
    "s007.kp": {
        "result iterative": 16763,
        "time iterative": 0.23343801498413086,
        "result recursive": 16763,
        "time recursive": 0.28834009170532227
    },
    "s008.kp": {
        "result iterative": 19399,
        "time iterative": 0.2002723217010498,
        "result recursive": 19399,
        "time recursive": 0.24597716331481934
    },
    "s009.kp": {
        "result iterative": 18331,
        "time iterative": 0.20764422416687012,
        "result recursive": 18331,
        "time recursive": 0.26030683517456055
    },
    "s010.kp": {
        "result iterative": 20167,
        "time iterative": 0.20740556716918945,
        "result recursive": 20167,
        "time recursive": 0.260897159576416
    },
    "s011.kp": {
        "result iterative": 20361,
        "time iterative": 0.1941063404083252,
        "result recursive": 20361,
        "time recursive": 0.2469801902770996
    },
    "s012.kp": {
        "result iterative": 18751,
        "time iterative": 0.20056772232055664,
        "result recursive": 18751,
        "time recursive": 0.2655363082885742
    },
    "s013.kp": {
        "result iterative": 20056,
        "time iterative": 0.2115015983581543,
        "result recursive": 20056,
        "time recursive": 0.2571370601654053
    },
    "s014.kp": {
        "result iterative": 19031,
        "time iterative": 0.19082903861999512,
        "result recursive": 19031,
        "time recursive": 0.24256014823913574
    },
    "s015.kp": {
        "result iterative": 22377,
        "time iterative": 0.21911907196044922,
        "result recursive": 22377,
        "time recursive": 0.27538299560546875
    },
    "s016.kp": {
        "result iterative": 36378,
        "time iterative": 0.8979330062866211,
        "result recursive": 36378,
        "time recursive": 1.2743523120880127
    },
    "s017.kp": {
        "result iterative": 43703,
        "time iterative": 0.9190154075622559,
        "result recursive": 43703,
        "time recursive": 1.290740966796875
    },
    "s018.kp": {
        "result iterative": 39025,
        "time iterative": 0.9629499912261963,
        "result recursive": 39025,
        "time recursive": 1.3084478378295898
    },
    "s019.kp": {
        "result iterative": 37539,
        "time iterative": 0.8624706268310547,
        "result recursive": 37539,
        "time recursive": 1.167712688446045
    },
    "s020.kp": {
        "result iterative": 37252,
        "time iterative": 0.8998425006866455,
        "result recursive": 37252,
        "time recursive": 1.236602783203125
    },
    "s021.kp": {
        "result iterative": 42374,
        "time iterative": 0.9043693542480469,
        "result recursive": 42374,
        "time recursive": 1.2673757076263428
    },
    "s022.kp": {
        "result iterative": 45031,
        "time iterative": 0.8652071952819824,
        "result recursive": 45031,
        "time recursive": 1.243100881576538
    },
    "s023.kp": {
        "result iterative": 39741,
        "time iterative": 0.9126613140106201,
        "result recursive": 39741,
        "time recursive": 1.26448392868042
    },
    "s024.kp": {
        "result iterative": 41608,
        "time iterative": 0.8898966312408447,
        "result recursive": 41608,
        "time recursive": 1.253899335861206
    },
    "s025.kp": {
        "result iterative": 37308,
        "time iterative": 0.9137437343597412,
        "result recursive": 37308,
        "time recursive": 1.3210771083831787
    },
    "s026.kp": {
        "result iterative": 42430,
        "time iterative": 0.8692150115966797,
        "result recursive": 42430,
        "time recursive": 1.2374558448791504
    },
    "s027.kp": {
        "result iterative": 39259,
        "time iterative": 0.9719803333282471,
        "result recursive": 39259,
        "time recursive": 1.3649871349334717
    },
    "s028.kp": {
        "result iterative": 38128,
        "time iterative": 0.8772814273834229,
        "result recursive": 38128,
        "time recursive": 1.2110843658447266
    },
    "s029.kp": {
        "result iterative": 42813,
        "time iterative": 0.9234094619750977,
        "result recursive": 42813,
        "time recursive": 1.3216474056243896
    },
    "s030.kp": {
        "result iterative": 41637,
        "time iterative": 0.8470766544342041,
        "result recursive": 41637,
        "time recursive": 1.182321310043335
    }
}