{
    "s000.kp": {
        "result iterative": 20995,
        "time iterative": 0.2751929759979248,
        "result recursive": 20995,
        "time recursive": 0.34728384017944336
    },
    "s001.kp": {
        "result iterative": 19836,
        "time iterative": 0.24811077117919922,
        "result recursive": 19836,
        "time recursive": 0.3277003765106201
    },
    "s002.kp": {
        "result iterative": 20561,
        "time iterative": 0.2541773319244385,
        "result recursive": 20561,
        "time recursive": 0.31040096282958984
    },
    "s003.kp": {
        "result iterative": 19789,
        "time iterative": 0.25026679039001465,
        "result recursive": 19789,
        "time recursive": 0.2994256019592285
    },
    "s004.kp": {
        "result iterative": 20961,
        "time iterative": 0.21329569816589355,
        "result recursive": 20961,
        "time recursive": 0.26874303817749023
    },
    "s005.kp": {
        "result iterative": 19780,
        "time iterative": 0.2170121669769287,
        "result recursive": 19780,
        "time recursive": 0.26830053329467773
    },
    "s006.kp": {
        "result iterative": 21334,
        "time iterative": 0.21968531608581543,
        "result recursive": 21334,
        "time recursive": 0.2717916965484619
    },
    "s007.kp": {
        "result iterative": 16763,
        "time iterative": 0.23375654220581055,
        "result recursive": 16763,
        "time recursive": 0.29033493995666504
    },
    "s008.kp": {
        "result iterative": 19399,
        "time iterative": 0.19959282875061035,
        "result recursive": 19399,
        "time recursive": 0.2489793300628662
    },
    "s009.kp": {
        "result iterative": 18331,
        "time iterative": 0.20757269859313965,
        "result recursive": 18331,
        "time recursive": 0.26070690155029297
    },
    "s010.kp": {
        "result iterative": 20167,
        "time iterative": 0.20657992362976074,
        "result recursive": 20167,
        "time recursive": 0.2624685764312744
    },
    "s011.kp": {
        "result iterative": 20361,
        "time iterative": 0.19446849822998047,
        "result recursive": 20361,
        "time recursive": 0.24700546264648438
    },
    "s012.kp": {
        "result iterative": 18751,
        "time iterative": 0.20181918144226074,
        "result recursive": 18751,
        "time recursive": 0.26458311080932617
    },
    "s013.kp": {
        "result iterative": 20056,
        "time iterative": 0.21372318267822266,
        "result recursive": 20056,
        "time recursive": 0.25603151321411133
    },
    "s014.kp": {
        "result iterative": 19031,
        "time iterative": 0.19226670265197754,
        "result recursive": 19031,
        "time recursive": 0.24083805084228516
    },
    "s015.kp": {
        "result iterative": 22377,
        "time iterative": 0.22049403190612793,
        "result recursive": 22377,
        "time recursive": 0.272993803024292
    },
    "s016.kp": {
        "result iterative": 36378,
        "time iterative": 0.9034960269927979,
        "result recursive": 36378,
        "time recursive": 1.2770867347717285
    },
    "s017.kp": {
        "result iterative": 43703,
        "time iterative": 0.915147066116333,
        "result recursive": 43703,
        "time recursive": 1.2820658683776855
    },
    "s018.kp": {
        "result iterative": 39025,
        "time iterative": 0.9653487205505371,
        "result recursive": 39025,
        "time recursive": 1.309135913848877
    },
    "s019.kp": {
        "result iterative": 37539,
        "time iterative": 0.8622786998748779,
        "result recursive": 37539,
        "time recursive": 1.16477632522583
    },
    "s020.kp": {
        "result iterative": 37252,
        "time iterative": 0.904522180557251,
        "result recursive": 37252,
        "time recursive": 1.236215353012085
    },
    "s021.kp": {
        "result iterative": 42374,
        "time iterative": 0.9060680866241455,
        "result recursive": 42374,
        "time recursive": 1.267120599746704
    },
    "s022.kp": {
        "result iterative": 45031,
        "time iterative": 0.8715121746063232,
        "result recursive": 45031,
        "time recursive": 1.248924970626831
    },
    "s023.kp": {
        "result iterative": 39741,
        "time iterative": 0.9184567928314209,
        "result recursive": 39741,
        "time recursive": 1.2619352340698242
    },
    "s024.kp": {
        "result iterative": 41608,
        "time iterative": 0.8992292881011963,
        "result recursive": 41608,
        "time recursive": 1.2528390884399414
    },
    "s025.kp": {
        "result iterative": 37308,
        "time iterative": 0.9164690971374512,
        "result recursive": 37308,
        "time recursive": 1.305953025817871
    },
    "s026.kp": {
        "result iterative": 42430,
        "time iterative": 0.8705809116363525,
        "result recursive": 42430,
        "time recursive": 1.2333335876464844
    },
    "s027.kp": {
        "result iterative": 39259,
        "time iterative": 0.9768710136413574,
        "result recursive": 39259,
        "time recursive": 1.3747625350952148
    },
    "s028.kp": {
        "result iterative": 38128,
        "time iterative": 0.8783740997314453,
        "result recursive": 38128,
        "time recursive": 1.209686040878296
    },
    "s029.kp": {
        "result iterative": 42813,
        "time iterative": 0.9278068542480469,
        "result recursive": 42813,
        "time recursive": 1.319089651107788
    },
    "s030.kp": {
        "result iterative": 41637,
        "time iterative": 0.8517379760742188,
        "result recursive": 41637,
        "time recursive": 1.1776769161224365
    }
}