{
    "s000.kp": {
        "result iterative": 20995,
        "time iterative": 0.2724180221557617,
        "result recursive": 20995,
        "time recursive": 0.3429388999938965
    },
    "s001.kp": {
        "result iterative": 19836,
        "time iterative": 0.2476358413696289,
        "result recursive": 19836,
        "time recursive": 0.3246746063232422
    },
    "s002.kp": {
        "result iterative": 20561,
        "time iterative": 0.25281453132629395,
        "result recursive": 20561,
        "time recursive": 0.3094913959503174
    },
    "s003.kp": {
        "result iterative": 19789,
        "time iterative": 0.2490537166595459,
        "result recursive": 19789,
        "time recursive": 0.30222392082214355
    },
    "s004.kp": {
        "result iterative": 20961,
        "time iterative": 0.21223092079162598,
        "result recursive": 20961,
        "time recursive": 0.27132606506347656
    },
    "s005.kp": {
        "result iterative": 19780,
        "time iterative": 0.21512365341186523,
        "result recursive": 19780,
        "time recursive": 0.2709510326385498
    },
    "s006.kp": {
        "result iterative": 21334,
        "time iterative": 0.21807217597961426,
        "result recursive": 21334,
        "time recursive": 0.2727823257446289
    },
    "s007.kp": {
        "result iterative": 16763,
        "time iterative": 0.23344755172729492,
        "result recursive": 16763,
        "time recursive": 0.2887566089630127
    },
    "s008.kp": {
        "result iterative": 19399,
        "time iterative": 0.19853830337524414,
        "result recursive": 19399,
        "time recursive": 0.24776530265808105
    },
    "s009.kp": {
        "result iterative": 18331,
        "time iterative": 0.20710062980651855,
        "result recursive": 18331,
        "time recursive": 0.26262784004211426
    },
    "s010.kp": {
        "result iterative": 20167,
        "time iterative": 0.20580363273620605,
        "result recursive": 20167,
        "time recursive": 0.26281213760375977
    },
    "s011.kp": {
        "result iterative": 20361,
        "time iterative": 0.19312715530395508,
        "result recursive": 20361,
        "time recursive": 0.2503836154937744
    },
    "s012.kp": {
        "result iterative": 18751,
        "time iterative": 0.20001506805419922,
        "result recursive": 18751,
        "time recursive": 0.2655961513519287
    },
    "s013.kp": {
        "result iterative": 20056,
        "time iterative": 0.21128320693969727,
        "result recursive": 20056,
        "time recursive": 0.2583444118499756
    },
    "s014.kp": {
        "result iterative": 19031,
        "time iterative": 0.19070029258728027,
        "result recursive": 19031,
        "time recursive": 0.2405402660369873
    },
    "s015.kp": {
        "result iterative": 22377,
        "time iterative": 0.21899867057800293,
        "result recursive": 22377,
        "time recursive": 0.2723424434661865
    },
    "s016.kp": {
        "result iterative": 36378,
        "time iterative": 0.8978869915008545,
        "result recursive": 36378,
        "time recursive": 1.2720105648040771
    },
    "s017.kp": {
        "result iterative": 43703,
        "time iterative": 0.9239864349365234,
        "result recursive": 43703,
        "time recursive": 1.2992069721221924
    },
    "s018.kp": {
        "result iterative": 39025,
        "time iterative": 0.9682817459106445,
        "result recursive": 39025,
        "time recursive": 1.3120307922363281
    },
    "s019.kp": {
        "result iterative": 37539,
        "time iterative": 0.8687574863433838,
        "result recursive": 37539,
        "time recursive": 1.174952745437622
    },
    "s020.kp": {
        "result iterative": 37252,
        "time iterative": 0.9028465747833252,
        "result recursive": 37252,
        "time recursive": 1.2410047054290771
    },
    "s021.kp": {
        "result iterative": 42374,
        "time iterative": 0.9089958667755127,
        "result recursive": 42374,
        "time recursive": 1.2826001644134521
    },
    "s022.kp": {
        "result iterative": 45031,
        "time iterative": 0.8678202629089355,
        "result recursive": 45031,
        "time recursive": 1.2544655799865723
    },
    "s023.kp": {
        "result iterative": 39741,
        "time iterative": 0.9178190231323242,
        "result recursive": 39741,
        "time recursive": 1.2719953060150146
    },
    "s024.kp": {
        "result iterative": 41608,
        "time iterative": 0.8950965404510498,
        "result recursive": 41608,
        "time recursive": 1.2536911964416504
    },
    "s025.kp": {
        "result iterative": 37308,
        "time iterative": 0.9268498420715332,
        "result recursive": 37308,
        "time recursive": 1.3152668476104736
    },
    "s026.kp": {
        "result iterative": 42430,
        "time iterative": 0.8794193267822266,
        "result recursive": 42430,
        "time recursive": 1.2477245330810547
    },
    "s027.kp": {
        "result iterative": 39259,
        "time iterative": 0.9702646732330322,
        "result recursive": 39259,
        "time recursive": 1.378831148147583
    },
    "s028.kp": {
        "result iterative": 38128,
        "time iterative": 0.8763601779937744,
        "result recursive": 38128,
        "time recursive": 1.212975263595581
    },
    "s029.kp": {
        "result iterative": 42813,
        "time iterative": 0.9291479587554932,
        "result recursive": 42813,
        "time recursive": 1.3210968971252441
    },
    "s030.kp": {
        "result iterative": 41637,
        "time iterative": 0.8516497611999512,
        "result recursive": 41637,
        "time recursive": 1.177161693572998
    }
}